"VARIÁVEIS VIGITEL","","","","","","","","","",""
"","","","","","","","","","",""
"Variable name","storage type","display format ","value  label  ","Variable label","Código","Label","","","",""
"chave","str11","%11s ","","chave","","","","","",""
"replica","byte ","%8.0g ","","replica","","","","","",""
"ano"," int","%8.0g ","","ano","","","","","",""
"mesfim ","str2","%2s ","","mes","","","","","",""
"cidade","byte ","%8.0g","cidade ","cidade","1","aracaju","","","",""
"","","","","","2","belem","","","",""
"","","","","","3","belo horizonte","","","",""
"","","","","","4","boa vista","","","",""
"","","","","","5","campo grande","","","",""
"","","","","","6","cuiaba","","","",""
"","","","","","7","curitiba","","","",""
"","","","","","8","florianopolis","","","",""
"","","","","","9","fortaleza","","","",""
"","","","","","10","goiania","","","",""
"","","","","","11","joao pessoa","","","",""
"","","","","","12","macapa","","","",""
"","","","","","13","maceio","","","",""
"","","","","","14","manaus","","","",""
"","","","","","15","natal","","","",""
"","","","","","16","palmas","","","",""
"","","","","","17","porto alegre","","","",""
"","","","","","18","porto velho","","","",""
"","","","","","19","recife","","","",""
"","","","","","20","rio branco","","","",""
"","","","","","21","rio de janeiro","","","",""
"","","","","","22","salvador","","","",""
"","","","","","23","sao luis","","","",""
"","","","","","24","sao paulo","","","",""
"","","","","","25","teresina","","","",""
"","","","","","26","vitoria","","","",""
"","","","","","27","distrito federal","","","",""
"regiao","byte","%8.0g "," regiao ","regiao","1","centro-oeste","","","",""
"","","","","","2","nordeste","","","",""
"","","","","","3","norte","","","",""
"","","","","","4","sudeste","","","",""
"","","","","","5","sul","","","",""
"bairro","byte","%8.0g ","","bairro","","","","","",""
"data_ini","str10","%10s ","","data inÍcio","","","","","",""
"hora_ini","str8","%8s ","","hora inÍcio","","","","","",""
"data_fim","str10 ","%10s ","","data fim","","","","","",""
"hora_fim","str8","%8s ","","hora fim","","","","","",""
"duracao","str8","%8s ","","duração","","","","","",""
"operador","str42","%42s ","","operador","","","","","",""
"operadora","byte ","%8.0g","","operadora","","","","","",""
"q6","int ","%8.0g","","idade (anos)","","","","","",""
"q7"," byte ","%8.0g ","q7 ","sexo","1","masculino","","","",""
"","","","","","2","feminino","","","",""
"civil","int ","%8.0g","civil ","estado conjugal atual","1","solteiro","","","",""
"","","","","","2","casado legalmente","","","",""
"","","","","","3","tem união estável há mais de seis meses","","","",""
"","","","","","4","viúvo","","","",""
"","","","","","5","separado ou divorciado","","","",""
"","","","","","888","não quis informar","","","",""
"q8a","int ","%8.0g","q8a ","q8a-grau","1","curso primário","","","",""
"","","","","","2","admissão","","","",""
"","","","","","3","curso ginasial ou ginásio","","","",""
"","","","","","4","1º grau ou fundamental ou supletivo de 1º grau","","","",""
"","","","","","5","2º grau ou colégio ou técnico ou normal ou científico científico ou ensino médio ou supletivo de 2º grau","","","",""
"","","","","","6","3º grau ou curso superior","","","",""
"","","","","","7","pós-graduação (especialização, mestrado, doutorado)","","","",""
"","","","","","8","nunca estudou","","","",""
"","","","","","777","não sabe","","","",""
"","","","","","888","não quis responder","","","",""
"q8b"," byte ","%8.0g","","q8b-série (ano)","","","","","",""
"q8_anos"," byte ","%8.0g","","anos de estudo","","","","","",""
"r128a","int ","%8.0g","r128a","dirige","1","sim","","","",""
"","","","","","2","não","","","",""
"","","","","","888","não quis informar","","","",""
"q9","float","%9.0g ","LABB ","peso (kg)","777","não sabe","","","",""
"","","","","","888","não quis informar","","","",""
"q11"," int","%8.0g "," LABB ","altura (cm)","777","não sabe","","","",""
"","","","","","888","não quis informar","","","",""
"q14"," int","%8.0g ","q14","gravidez","1","sim","","","",""
"","","","","","2","não","","","",""
"","","","","","777","não sabe","","","",""
"q15","byte","%8.0g","LABC ","feijão","1","1 a 2 dias por semana","","","",""
"","","","","","2","3 a 4 dias por semana","","","",""
"","","","","","3","5 a 6 dias por semana","","","",""
"","","","","","4","todos os dias ( inclusive sábado e domingo)","","","",""
"","","","","","5","quase nunca","","","",""
"","","","","","6","nunca","","","",""
"q16","byte","%8.0g","LABC ","freq horta","1","1 a 2 dias por semana","","","",""
"","","","","","2","3 a 4 dias por semana","","","",""
"","","","","","3","5 a 6 dias por semana","","","",""
"","","","","","4","todos os dias ( inclusive sábado e domingo)","","","",""
"","","","","","5","quase nunca","","","",""
"","","","","","6","nunca","","","",""
"q17","byte","%8.0g","LABC ","freq horta crua","1","1 a 2 dias por semana","","","",""
"","","","","","2","3 a 4 dias por semana","","","",""
"","","","","","3","5 a 6 dias por semana","","","",""
"","","","","","4","todos os dias ( inclusive sábado e domingo)","","","",""
"","","","","","5","quase nunca","","","",""
"","","","","","6","nunca","","","",""
"q18"," byte "," %8.0g","LABD ","quantas vezes","1","no almoço (1 vez no dia)","","","",""
"","","","","","2","no jantar","","","",""
"","","","","","3","no almoço e no jantar (2 vezes no dia)","","","",""
"q19"," byte "," %8.0g","LABC ","freq horta cozida","1","1 a 2 dias por semana","","","",""
"","","","","","2","3 a 4 dias por semana","","","",""
"","","","","","3","5 a 6 dias por semana","","","",""
"","","","","","4","todos os dias ( inclusive sábado e domingo)","","","",""
"","","","","","5","quase nunca","","","",""
"","","","","","6","nunca","","","",""
"q20"," byte "," %8.0g","LABD ","quantas vezes","1","no almoço (1 vez no dia)","","","",""
"","","","","","2","no jantar","","","",""
"","","","","","3","no almoço e no jantar (2 vezes no dia)","","","",""
"q21"," byte "," %8.0g","LABC ","come carne","1","1 a 2 dias por semana","","","",""
"","","","","","2","3 a 4 dias por semana","","","",""
"","","","","","3","5 a 6 dias por semana","","","",""
"","","","","","4","todos os dias ( inclusive sábado e domingo)","","","",""
"","","","","","5","quase nunca","","","",""
"","","","","","6","nunca","","","",""
"q22","byte ","%8.0g ","q22 ","gordura carne","1","tirar sempre o excesso de gordura","","","",""
"","","","","","2","comer com a gordura","","","",""
"","","","","","3","não come carne vermelha com muita gordura","","","",""
"q23","byte ","%8.0g ","LABC","come frango","1","1 a 2 dias por semana","","","",""
"","","","","","2","3 a 4 dias por semana","","","",""
"","","","","","3","5 a 6 dias por semana","","","",""
"","","","","","4","todos os dias ( inclusive sábado e domingo)","","","",""
"","","","","","5","quase nunca","","","",""
"","","","","","6","nunca","","","",""
"q24","byte ","%8.0g ","q24","pele de frango","1","tirar sempre a pele","","","",""
"","","","","","2","comer com a pele","","","",""
"","","","","","3","não come pedaços de frango com pele","","","",""
"q25","byte ","%8.0g ","LABC","suco frutas","1","1 a 2 dias por semana","","","",""
"","","","","","2","3 a 4 dias por semana","","","",""
"","","","","","3","5 a 6 dias por semana","","","",""
"","","","","","4","todos os dias ( inclusive sábado e domingo)","","","",""
"","","","","","5","quase nunca","","","",""
"","","","","","6","nunca","","","",""
"q26"," byte"," %8.0g ","q26","quanto suco","1","1 copo","","","",""
"","","","","","2","2 copos","","","",""
"","","","","","3","3 ou mais copos","","","",""
"q27"," byte"," %8.0g ","LABC ","freq fruta","1","1 a 2 dias por semana","","","",""
"","","","","","2","3 a 4 dias por semana","","","",""
"","","","","","3","5 a 6 dias por semana","","","",""
"","","","","","4","todos os dias ( inclusive sábado e domingo)","","","",""
"","","","","","5","quase nunca","","","",""
"","","","","","6","nunca","","","",""
"q28"," byte"," %8.0g ","q28","quantas vezes","1","1 vez no dia","","","",""
"","","","","","2","2 vezes no dia","","","",""
"","","","","","3","3 ou mais vezes no dia","","","",""
"q29"," byte"," %8.0g ","LABC","freq refrigerante","1","1 a 2 dias por semana","","","",""
"","","","","","2","3 a 4 dias por semana","","","",""
"","","","","","3","5 a 6 dias por semana","","","",""
"","","","","","4","todos os dias ( inclusive sábado e domingo)","","","",""
"","","","","","5","quase nunca","","","",""
"","","","","","6","nunca","","","",""
"q30"," byte"," %8.0g ","q30","que tipo","1","normal","","","",""
"","","","","","2","diet/ light/ zero","","","",""
"","","","","","3","ambos","","","",""
"q31","int ","%8.0g ","q31 ","qtdd refrigerante","1","1 copo/latinha por dia","","","",""
"","","","","","2","2 copos/latinhas por dia","","","",""
"","","","","","3","3 copos/latinhas por dia","","","",""
"","","","","","4","4 copos/latinhas por dia","","","",""
"","","","","","5","5 copos/latinhas por dia","","","",""
"","","","","","6","6 ou mais copos/latinhas por dia","","","",""
"","","","","","777","não sabe","","","",""
"r301_ (itens A a L)","byte","%8.0g","r301_","alimentos naturais","1","sim","","","",""
"","","","","","2","não","","","",""
"r302_ (itens A a M)","byte","%8.0g","r302_","alimentos industrializados","1","sim","","","",""
"","","","","","2","não","","","",""
"q32","byte  ","%8.0g","LABC ","freqüência de leite","1","1 a 2 dias por semana","","","",""
"","","","","","2","3 a 4 dias por semana","","","",""
"","","","","","3","5 a 6 dias por semana","","","",""
"","","","","","4","todos os dias ( inclusive sábado e domingo)","","","",""
"","","","","","5","quase nunca","","","",""
"","","","","","6","nunca","","","",""
"q33","int","%8.0g ","q33","tipo de leite","1","integral","","","",""
"","","","","","2","desnatado ou semi-desnatado","","","",""
"","","","","","3","os dois tipos","","","",""
"","","","","","777","não sabe","","","",""
"r143","byte ","%8.0g","LABC ","doces","1","1 a 2 dias por semana","","","",""
"","","","","","2","3 a 4 dias por semana","","","",""
"","","","","","3","5 a 6 dias por semana","","","",""
"","","","","","4","todos os dias ( inclusive sábado e domingo)","","","",""
"","","","","","5","quase nunca","","","",""
"","","","","","6","nunca","","","",""
"r146","byte ","%8.0g","r146 ","quantas vezes come doce por dia","1","1 vez no dia","","","",""
"","","","","","2","2 vezes no dia","","","",""
"","","","","","3","3 ou mais vezes no dia","","","",""
"r144a","byte ","%8.0g","LABC","troca almoço","1","1 a 2 dias por semana","","","",""
"","","","","","2","3 a 4 dias por semana","","","",""
"","","","","","3","5 a 6 dias por semana","","","",""
"","","","","","4","todos os dias ( inclusive sábado e domingo)","","","",""
"","","","","","5","quase nunca","","","",""
"","","","","","6","nunca","","","",""
"r144b","byte ","%8.0g","LABC","troca jantar","1","1 a 2 dias por semana","","","",""
"","","","","","2","3 a 4 dias por semana","","","",""
"","","","","","3","5 a 6 dias por semana","","","",""
"","","","","","4","todos os dias ( inclusive sábado e domingo)","","","",""
"","","","","","5","quase nunca","","","",""
"","","","","","6","nunca","","","",""
"q35","int ","%8.0g","q35 ","bebida alcoólica","1","sim","","","",""
"","","","","","2","não","","","",""
"","","","","","888","não quis informar","","","",""
"q36"," byte ","%8.0g","q36","freq alcool","1","1 a 2 dias por semana","","","",""
"","","","","","2","3 a 4 dias por semana","","","",""
"","","","","","3","5 a 6 dias por semana","","","",""
"","","","","","4","todos os dias ( inclusive sábado e domingo)","","","",""
"","","","","","5","menos de 1 dia por semana","","","",""
"","","","","","6","menos de 1 dia por mês","","","",""
"q37"," byte ","%8.0g"," LABE "," 5 doses (homem)","1","sim","","","",""
"","","","","","2","não","","","",""
"q38"," byte ","%8.0g"," LABE ","4 doses (mulher)","1","sim","","","",""
"","","","","","2","não","","","",""
"q39","int","%8.0g ","q39","quantos dias","1","em um único dia no mês","","","",""
"","","","","","2","em 2 dias","","","",""
"","","","","","3","em 3 dias","","","",""
"","","","","","4","em 4 dias","","","",""
"","","","","","5","em 5 dias","","","",""
"","","","","","6","em 6 dias","","","",""
"","","","","","7","em 7 ou mais dias","","","",""
"","","","","","777","não sabe","","","",""
"r200","int","%8.0g ","r200","num máximo de doses","","","","","",""
"q40","int","%8.0g ","q40","dirigiu após beber","1","sim","","","",""
"","","","","","2","não","","","",""
"","","","","","888","não quis informar","","","",""
"q40b","int","%8.0g ","q40b ","independente da quantidade","1","sempre","","","",""
"","","","","","2","algumas vezes","","","",""
"","","","","","3","quase nunca","","","",""
"","","","","","4","nunca","","","",""
"","","","","","888","não quis informar","","","",""
"q42","byte ","%8.0g ","LABE ","exercício físico","1","sim","","","",""
"","","","","","2","não","","","",""
"q43a ","byte ","%8.0g ","q43a ","qual","1","caminhada (não vale deslocamento para trabalho)","","","",""
"","","","","","2","caminhada em esteira","","","",""
"","","","","","3","corrida (cooper)","","","",""
"","","","","","4","corrida em esteira","","","",""
"","","","","","5","musculação","","","",""
"","","","","","6","ginástica aeróbica (spinning, step, jump)","","","",""
"","","","","","7","hidroginástica","","","",""
"","","","","","8","ginástica em geral (alongamento, pilates, ioga)","","","",""
"","","","","","9","natação","","","",""
"","","","","","10","artes marciais e luta (jiu-jitsu, karatê, judô, boxe, muay thai, capoeira)","","","",""
"","","","","","11","bicicleta (inclui ergométrica)","","","",""
"","","","","","12","futebol/futsal","","","",""
"","","","","","13","basquetebol","","","",""
"","","","","","14","voleibol/futevolei","","","",""
"","","","","","15","tênis","","","",""
"","","","","","16","dança (balé, dança de salão, dança do ventre)","","","",""
"","","","","","17","outros","","","",""
"q44","byte ","%8.0g ","LABE  ","pratica exercicio 1 vez na semana","1","sim","","","",""
"","","","","","2","não","","","",""
"q45","byte ","%8.0g ","q45 ","freq exercicio","1","1 a 2 dias por semana","","","",""
"","","","","","2","3 a 4 dias por semana","","","",""
"","","","","","3","5 a 6 dias por semana","","","",""
"","","","","","4","todos os dias ( inclusive sábado e domingo)","","","",""
"q46","byte ","%8.0g ","LABF ","duração exercicio","1","menos que 10 minutos","","","",""
"","","","","","2","entre 10 e 19 minutos","","","",""
"","","","","","3","entre 20 e 29 minutos","","","",""
"","","","","","4","entre 30 e 39 minutos","","","",""
"","","","","","5","entre 40 e 49 minutos","","","",""
"","","","","","6","entre 50 e 59 minutos","","","",""
"","","","","","7","60 minutos ou mais","","","",""
"q47","byte ","%8.0g ","LABE ","trabalha","1","sim","","","",""
"","","","","","2","não","","","",""
"q48"," int","%8.0g "," LABG ","anda bastante a pé","1","sim","","","",""
"","","","","","2","não","","","",""
"","","","","","777","não sabe","","","",""
"q49"," int","%8.0g "," LABG ","carrega peso","1","sim","","","",""
"","","","","","2","não","","","",""
"","","","","","777","não sabe","","","",""
"r147"," int","%8.0g ","r147 ","quantos dias faz essas atividades no trabalho","555","menos de uma vez na semana","","","",""
"","","","","","888","não quis responder","","","",""
"r148_hh","float ","%9.0g "," LABH ","tempo de duração das atividades/ horas","","","","","",""
"r148_mm"," int "," %8.0g ","LABH","tempo de duração das atividades/ minutos","","","","","",""
"q50","byte"," %8.0g ","LABI ","trajeto a pe ou bicicleta","1","sim, todo o trajeto","","","",""
"","","","","","2","sim, parte do trajeto","","","",""
"","","","","","3","não","","","",""
"q51","byte"," %8.0g ","LABF","duração do trajeto","1","menos que 10 minutos","","","",""
"","","","","","2","entre 10 e 19 minutos","","","",""
"","","","","","3","entre 20 e 29 minutos","","","",""
"","","","","","4","entre 30 e 39 minutos","","","",""
"","","","","","5","entre 40 e 49 minutos","","","",""
"","","","","","6","entre 50 e 59 minutos","","","",""
"","","","","","7","60 minutos ou mais","","","",""
"q52","int ","%8.0g","q52","curso/escola","1","sim","","","",""
"","","","","","2","não","","","",""
"","","","","","888","não quis informar","","","",""
"q53","byte"," %8.0g "," LABI ","como faz trajeto curso/escola ","1","sim, todo o trajeto","","","",""
"","","","","","2","sim, parte do trajeto","","","",""
"","","","","","3","não","","","",""
"q54","byte"," %8.0g "," LABF ","duração trajeto curso/escola","1","menos que 10 minutos","","","",""
"","","","","","2","entre 10 e 19 minutos","","","",""
"","","","","","3","entre 20 e 29 minutos","","","",""
"","","","","","4","entre 30 e 39 minutos","","","",""
"","","","","","5","entre 40 e 49 minutos","","","",""
"","","","","","6","entre 50 e 59 minutos","","","",""
"","","","","","7","60 minutos ou mais","","","",""
"q55","byte"," %8.0g ","q55 ","faxina","1","eu sozinho","","","",""
"","","","","","2","eu com outra pessoa","","","",""
"","","","","","3","outra pessoa","","","",""
"q56","byte"," %8.0g ","q56 ","parte pesada","1","o(a) sr(a)","","","",""
"","","","","","2","outra pessoa","","","",""
"","","","","","3","ambos","","","",""
"r149","int "," %8.0g ","r149 ","quantos dias de faxina na semana","555","menos de uma vez por semana","","","",""
"","","","","","888","não quis responder","","","",""
"r150_hh","int "," %8.0g "," LABJ","tempo de faxina/ horas","","","","","",""
"r150_mm","int "," %8.0g "," LABJ","tempo de faxina/ minutos","","","","","",""
"q59a","byte ","%8.0g","q59a ","quantas horas assiste tv / dia","1","menos de 1 hora","","","",""
"","","","","","2","entre 1 e 2 horas","","","",""
"","","","","","3","entre 2 e 3 horas","","","",""
"","","","","","4","entre 3 e 4 horas","","","",""
"","","","","","5","entre 4 e 5 horas","","","",""
"","","","","","6","entre 5 e 6 horas","","","",""
"","","","","","7","mais de 6 horas","","","",""
"","","","","","8","não assiste televisão","","","",""
"q59b ","int "," %8.0g ","q59b ","uso de computador, tablet ou celular no tempo  livre","1","sim","","","",""
"","","","","","2","não","","","",""
"","","","","","777","não sabe","","","",""
"q59c ","byte "," %8.0g ","q59c","em média, este uso do computador, tablet ou  celular","1","menos de 1 hora","","","",""
"","","","","","2","entre 1 e 2 horas","","","",""
"","","","","","3","entre 2 e 3 horas","","","",""
"","","","","","4","entre 3 e 4 horas","","","",""
"","","","","","5","entre 4 e 5 horas","","","",""
"","","","","","6","entre 5 e 6 horas","","","",""
"","","","","","7","mais de 6 horas","","","",""
"q60","byte "," %8.0g ","q60","fumante","1","sim, diariamente","","","",""
"","","","","","2","sim, mas não diariamente","","","",""
"","","","","","3","não","","","",""
"q61 ","int","%8.0g ","LABK ","cigarros diário","","","","","",""
"q61a ","int","%8.0g ","LABK ","cigarros semanal","","","","","",""
"q61_fx","int","%8.0g ","LABL","cigarros diário (agrupamento em faixas)","1","01 a 04","","","",""
"","","","","","2","05 a 09","","","",""
"","","","","","3","10 a 14","","","",""
"","","","","","4","15 a 19","","","",""
"","","","","","5","20 a 29","","","",""
"","","","","","6","30 a 39","","","",""
"","","","","","7","40 ou mais","","","",""
"","","","","","888","não sabe/não quis responder","","","",""
"q61a_fx","int","%8.0g ","LABL"," cigarros semanal (agrupamento em faixas)","1","01 a 04","","","",""
"","","","","","2","05 a 09","","","",""
"","","","","","3","10 a 14","","","",""
"","","","","","4","15 a 19","","","",""
"","","","","","5","20 a 29","","","",""
"","","","","","6","30 a 39","","","",""
"","","","","","7","40 ou mais","","","",""
"","","","","","888","não sabe/não quis responder","","","",""
"q62","int","%8.0g ","q62","idade inÍcio (anos)","777","não lembra","","","",""
"q63","byte","%8.0g ","q63 ","tentou parar","1","sim","","","",""
"","","","","","2","não","","","",""
"q64","byte ","%8.0g ","q64","ex-fumante","1","sim, diariamente","","","",""
"","","","","","2","sim, mas não diariamente","","","",""
"","","","","","3","não","","","",""
"q67"," int"," %8.0g","q67","contato c/ fumo em casa","1","sim","","","",""
"","","","","","2","não","","","",""
"","","","","","888","não quis informar","","","",""
"q68"," int"," %8.0g","q68","contato c/ fumo no trabalho","1","sim","","","",""
"","","","","","2","não","","","",""
"","","","","","888","não quis informar","","","",""
"r157"," int"," %8.0g","r157 ","trabalha em local fechado","1","sim","","","",""
"","","","","","2","não","","","",""
"","","","","","888","não quis informar","","","",""
"q69"," int"," %8.0g","q69 ","cor","1","branca","","","",""
"","","","","","2","preta","","","",""
"","","","","","3","amarela","","","",""
"","","","","","4","parda","","","",""
"","","","","","5","indígena","","","",""
"","","","","","777","não sabe","","","",""
"","","","","","888","não quis informar","","","",""
"q69_ou ","str31","%31s ","","cor - outra","","","","","",""
"q70","byte"," %8.0g ","q70","outro fone","1","sim","","","",""
"","","","","","2","não","","","",""
"q71","byte"," %8.0g "," q71 ","quantos","2","2 linhas","","","",""
"","","","","","3","3 linhas","","","",""
"","","","","","4","4 linhas","","","",""
"","","","","","5","5 linhas","","","",""
"q74","int ","%8.0g ","q74 ","estado de saúde","1","muito bom","","","",""
"","","","","","2","bom","","","",""
"","","","","","3","regular","","","",""
"","","","","","4","ruim","","","",""
"","","","","","5","muito ruim","","","",""
"","","","","","777","não sabe","","","",""
"","","","","","888","não quis informar","","","",""
"q75","int ","%8.0g ","LABM ","pressão alta","1","sim","","","",""
"","","","","","2","não","","","",""
"","","","","","777","não lembra","","","",""
"r203 ","int ","%8.0g ","r203"," médico receitou medicamento pressão alta","1","sim","","","",""
"","","","","","2","não","","","",""
"","","","","","777","não lembra","","","",""
"r129","int ","%8.0g ","r129 ","medicamento","1","sim","","","",""
"","","","","","2","não","","","",""
"","","","","","777","não sabe","","","",""
"","","","","","888","não quis responder","","","",""
"r130","int ","%8.0g ","LABN ","onde consegue medicação pressão","1","unidade de saude do SUS","","","",""
"","","","","","2","Farmácia Popular","","","",""
"","","","","","3","outro lugar","","","",""
"","","","","","777","não sabe","","","",""
"","","","","","888","não quis responder","","","",""
"r130a","int ","%8.0g ","LABN ","onde consegue medicação pressão","1","unidade de saude do SUS","","","",""
"","","","","","2","Farmácia Popular do Governo Federal","","","",""
"","","","","","3","outro lugar (farmácia privada/particular, drogaria)","","","",""
"","","","","","777","não sabe","","","",""
"","","","","","888","não quis responder","","","",""
"q76","int ","%8.0g ","LABM ","diabetes","1","sim","","","",""
"","","","","","2","não","","","",""
"","","","","","777","não lembra","","","",""
"r138","int ","%8.0g ","r138","diabetes apenas na gravidez","1","sim","","","",""
"","","","","","2","não","","","",""
"","","","","","3","nunca engravidou","","","",""
"","","","","","777","não lembra","","","",""
"r202","int ","%8.0g ","r202 "," idade do ínicio do diabetes","777","não sabe / não lembra","","","",""
"r204 ","int ","%8.0g ","r204 "," médico receitou medicamento diabetes","1","sim","","","",""
"","","","","","2","não","","","",""
"","","","","","777","não lembra","","","",""
"r133a","int ","%8.0g "," LABO ","comprimido diabetes","1","sim","","","",""
"","","","","","2","não","","","",""
"","","","","","777","não sabe","","","",""
"","","","","","888","não quis responder","","","",""
"r134c ","int  ","%8.0g","LABN ","onde consegue comprimido diabetes","1","unidade de saúde do sus","","","",""
"","","","","","2","farmácia popular do governo  federal","","","",""
"","","","","","3","outro lugar (farmácia privada/particular, drogaria","","","",""
"","","","","","777","não sabe","","","",""
"","","","","","888","não quis responder","","","",""
"r133b","int  ","%8.0g","LABO ","insulina diabetes","1","sim","","","",""
"","","","","","2","não","","","",""
"","","","","","777","não sabe","","","",""
"","","","","","888","não quis responder","","","",""
"r134b","int  ","%8.0g","LABN "," onde consegue insulina diabetes","1","unidade de saúde do sus","","","",""
"","","","","","2","farmácia popular do governo  federal","","","",""
"","","","","","3","outro lugar (farmácia privada/particular, drogaria","","","",""
"","","","","","777","não sabe","","","",""
"","","","","","888","não quis responder","","","",""
"q78","int  ","%8.0g","q78","colesterol ou triglicerides","1","sim","","","",""
"","","","","","2","não","","","",""
"","","","","","777","não sabe/não lembra","","","",""
"q79a","int  ","%8.0g"," LABP","papanicolau","1","sim","","","",""
"","","","","","2","não","","","",""
"","","","","","777","não sabe","","","",""
"q80","int  ","%8.0g","LABQ ","tempo","1","menos de 1 ano","","","",""
"","","","","","2","entre 1 e 2 anos","","","",""
"","","","","","3","entre 2 e 3 anos","","","",""
"","","","","","4","entre 3 e 5 anos","","","",""
"","","","","","5","5 anos ou mais","","","",""
"","","","","","777","não lembra","","","",""
"q81","int  ","%8.0g ","LABP ","mamografia","1","sim","","","",""
"","","","","","2","não","","","",""
"","","","","","777","não sabe","","","",""
"q82","int  ","%8.0g ","LABQ ","tempo","1","menos de 1 ano","","","",""
"","","","","","2","entre 1 e 2 anos","","","",""
"","","","","","3","entre 2 e 3 anos","","","",""
"","","","","","4","entre 3 e 5 anos","","","",""
"","","","","","5","5 ou mais anos","","","",""
"","","","","","777","não lembra","","","",""
"q88","int  ","%8.0g ","q88","posse de plano de saúde","1","sim, apenas 1","","","",""
"","","","","","2","sim, mais de um","","","",""
"","","","","","3","não","","","",""
"","","","","","888","não quis informar","","","",""
"r135","int  ","%8.0g ","LABR  ","nos últimos 12 meses foi multado?","1","sim","","","",""
"","","","","","2","não","","","",""
"","","","","","777","não lembra","","","",""
"","","","","","888","não quis responder","","","",""
"r136","int","%8.0g ","r136 ","qual o local","1","dentro da cidade (via urbana)","","","",""
"","","","","","2","rodovia","","","",""
"","","","","","3","ambos","","","",""
"","","","","","777","não lembra","","","",""
"","","","","","888","não quis responder","","","",""
"r153","int ","%8.0g ","LABR ","passou em blitz","1","sim","","","",""
"","","","","","2","não","","","",""
"","","","","","777","não lembra","","","",""
"","","","","","888","não quis responder","","","",""
"r137a","int ","%8.0g ","LABR ","parado em blitz","1","sim","","","",""
"","","","","","2","não","","","",""
"","","","","","777","não lembra","","","",""
"","","","","","888","não quis responder","","","",""
"r154","int ","%8.0g ","LABR ","convidado bafometro","1","sim","","","",""
"","","","","","2","não","","","",""
"","","","","","777","não lembra","","","",""
"","","","","","888","não quis responder","","","",""
"r155","int ","%8.0g ","LABR ","fez o bafometro","1","sim","","","",""
"","","","","","2","não","","","",""
"","","","","","777","não lembra","","","",""
"","","","","","888","não quis responder","","","",""
"r156","int ","%8.0g ","LABR ","deu positivo","1","sim","","","",""
"","","","","","2","não","","","",""
"","","","","","777","não lembra","","","",""
"","","","","","888","não quis responder","","","",""
"r900 ","int "," %8.0g ","r900 ","recebe bolsa família","1","sim","","","",""
"","","","","","2","não","","","",""
"","","","","","777","não sabe","","","",""
"obs_r900 ","str181 ","%181s ",""," (observações) recebe bolsa família","","","","","",""
"d1 "," int "," %8.0g  "," d1"," nos últimos 30 dias, ficou sem a insulina","1","sim","","","",""
"","","","","","2","não","","","",""
"","","","","","777","não sabe","","","",""
"","","","","","888","não quis responder","","","",""
"d2"," int "," %8.0g  ","d2"," por que ficou sem a insulina","1","não tinha/estava em falta no posto de saúde/unidade de  saúde/secretaria de saúde/sus","","","",""
"","","","","","2"," porque não tinha dinheiro para comprar","","","",""
"","","","","","3"," esqueceu/não quis tomar/comprar/buscar","","","",""
"","","","","","4","outro motivo","","","",""
"","","","","","777","não sabe","","","",""
"","","","","","888","não quis responder","","","",""
"d3  "," int "," %8.0g  ","d3  "," nos últimos 30 dias, ficou sem os comprimidos para controlar o diabetes","1","sim","","","",""
"","","","","","2","não","","","",""
"","","","","","777","não sabe","","","",""
"","","","","","888","não quis responder","","","",""
"d4 ","byte"," %8.0g  ","d4 "," por que ficou sem este medicamento (comprimido diabetes)","1","não tinha/estava em falta no posto de saúde/unidade de  saúde/secretaria de saúde/sus","","","",""
"","","","","","2"," porque não tinha dinheiro para comprar","","","",""
"","","","","","3"," esqueceu/não quis tomar/comprar/buscar","","","",""
"","","","","","4","outro motivo","","","",""
"","","","","","777","não sabe","","","",""
"","","","","","888","não quis responder","","","",""
"d5 "," int "," %8.0g  ","d5 ","algum outro medicamento, deveria estar usando,  nos últimos 30 dias, para a diabe","1","sim","","","",""
"","","","","","2","não","","","",""
"","","","","","777","não sabe","","","",""
"","","","","","888","não quis responder","","","",""
"d6 "," int "," %8.0g  ","d6 ","por que ficou sem este medicamento (outro medicamento diabetes)","1","não tinha/estava em falta no posto de saúde/unidade de  saúde/secretaria de saúde/sus","","","",""
"","","","","","2"," porque não tinha dinheiro para comprar","","","",""
"","","","","","3"," esqueceu/não quis tomar/comprar/buscar","","","",""
"","","","","","4","outro motivo","","","",""
"","","","","","777","não sabe","","","",""
"","","","","","888","não quis responder","","","",""
"moradores","byte"," %8.0g  ","","moradores","","","","","",""
"adultos","byte"," %8.0g  ","","adultos","","","","","",""
"obs","str244 "," %244s  ","","observações","","","","","",""
"pesorake ","double"," %14.2fc",""," pesorake","","","","","",""
"fet"," float","%12.0g"," FET"," Faixa etária","1","18 a 24","","","",""
"","","","","","2","25 a 34 anos","","","",""
"","","","","","3","35 a 44 anos","","","",""
"","","","","","4","45 a 54 anos","","","",""
"","","","","","5","55 a 64 anos","","","",""
"","","","","","6","65 anos e mais","","","",""
"cat_esc"," float"," %9.0g","","Categorias (idade | sexo) para imputação da  escolaridade","","","","","",""
"fesc","float ","%11.0g ","FESC","Faixa de escolaridade","1","0 a 8 anos","","","",""
"","","","","","2","9 a 11 anos","","","",""
"","","","","","3","12 anos e mais","","","",""
"fxesc ","float ","%14.0g","FXESC ","Faixa de escolaridade (RAKE)","1","0 a 7,9 anos","","","",""
"","","","","","2","8 a 10,9 anos","","","",""
"","","","","","3","11 a 14,9 anos","","","",""
"","","","","","4","15 a 20 anos","","","",""
"q9_i"," float ","%9.0g ","LABB ","peso (kg) - valores imputados","","","","","",""
"q11_i"," int "," %8.0g ","LABB ","altura (cm) - valores imputados","","","","","",""
"pinterno","float "," %9.0g ","","","","","","","",""
"q69_cor","byte","%10.0g","","q69_cor","1","branca","","","",""
"","","","","","2","negra","","","",""
